City,Cloudiness,Country,Date,Humidity,Lat,Lng,Max Temp,Wind Speed
faanui,2,PF,1619423380,66,-16.4833,-151.75,81.03,2.84
thompson,40,CA,1619423112,100,55.7435,-97.8558,23.0,3.36
bethel,1,US,1619423380,42,41.3712,-73.414,44.6,12.66
mahebourg,75,MU,1619423381,83,-20.4081,57.7,78.8,13.8
vaini,75,TO,1619423381,94,-21.2,-175.2,77.0,3.44
bredasdorp,75,ZA,1619423381,94,-34.5322,20.0403,53.6,3.44
sidi ali,17,DZ,1619423381,71,36.0998,0.4206,62.53,6.91
carnarvon,4,AU,1619423382,33,-24.8667,113.6333,87.8,9.22
ushuaia,100,AR,1619423293,91,-54.8,-68.3,41.11,3.76
lebu,8,CL,1619423382,93,-37.6167,-73.65,52.77,8.99
sumbe,75,AO,1619423382,76,-11.2061,13.8437,80.6,2.24
brae,40,GB,1619423382,93,60.3964,-1.353,44.6,4.61
berlevag,75,NO,1619423383,75,70.8578,29.0864,35.6,9.22
jati,0,PK,1619423383,15,24.3539,68.2671,103.91,10.58
albany,54,US,1619423383,56,42.6001,-73.9662,39.99,4.0
pevek,100,RU,1619423383,84,69.7008,170.3133,25.34,5.57
kavieng,95,PG,1619423383,72,-2.5744,150.7967,82.9,4.16
severo-yeniseyskiy,6,RU,1619423384,57,60.3725,93.0408,38.97,4.85
avarua,42,CK,1619423172,94,-21.2078,-159.775,73.4,1.14
yellowknife,40,CA,1619423285,72,62.456,-114.3525,3.2,10.36
russell,1,US,1619423101,87,32.3502,-85.1999,51.8,4.61
luanda,75,AO,1619423384,83,-8.8368,13.2343,82.4,2.3
karasjok,75,NO,1619423384,69,69.4719,25.5112,35.6,5.75
hithadhoo,8,MV,1619423086,66,-0.6,73.0833,82.96,4.68
noumea,40,NC,1619423384,88,-22.2763,166.4572,71.6,3.44
mataura,79,NZ,1619423385,81,-46.1927,168.8643,44.01,8.99
borba,99,BR,1619423385,98,-4.3878,-59.5939,74.16,1.92
barrow,1,US,1619423385,79,71.2906,-156.7887,17.6,13.8
necochea,0,AR,1619423385,95,-38.5473,-58.7368,53.01,0.81
gisborne,6,NZ,1619423386,63,-38.6533,178.0042,55.0,5.01
east london,0,ZA,1619423386,64,-33.0153,27.9116,69.8,2.3
atuona,100,PF,1619423386,70,-9.8,-139.0333,80.01,17.76
bluff,85,NZ,1619423386,81,-46.6,168.3333,44.01,8.99
busselton,100,AU,1619423387,56,-33.65,115.3333,73.99,5.77
nishihara,40,JP,1619423387,57,26.1842,127.7558,75.2,9.22
bixby,4,US,1619423387,77,35.942,-95.8833,63.0,3.0
praia da vitoria,75,PT,1619423387,94,38.7333,-27.0667,57.99,8.46
nikolskoye,90,RU,1619423388,93,59.7035,30.7861,41.0,11.18
port hardy,20,CA,1619423388,100,50.6996,-127.4199,46.4,3.44
severo-kurilsk,100,RU,1619423388,94,50.6789,156.125,30.61,16.24
qaanaaq,52,GL,1619423388,63,77.484,-69.3632,30.04,9.98
saint-francois,0,FR,1619423388,54,46.4154,3.9054,55.0,9.22
ribeira grande,40,PT,1619423389,77,38.5167,-28.7,59.0,8.05
butaritari,8,KI,1619423389,76,3.0707,172.7902,82.49,13.44
quatre cocos,75,MU,1619423389,83,-20.2078,57.7625,80.01,13.8
leh,0,IN,1619423157,24,34.1667,77.5833,45.3,2.48
guerrero negro,100,MX,1619423389,83,27.9769,-114.0611,57.54,9.66
kentau,7,KZ,1619423390,16,43.5206,68.5094,74.34,10.42
sinnamary,100,GF,1619423390,90,5.3833,-52.95,76.6,9.08
okha,5,RU,1619423390,63,53.5739,142.9478,31.33,5.82
jamestown,90,US,1619423390,86,42.097,-79.2353,30.99,6.91
yulara,0,AU,1619423391,18,-25.2406,130.9889,78.8,13.8
ashqelon,56,IL,1619423391,42,31.6693,34.5715,71.01,4.0
iquique,0,CL,1619423391,72,-20.2208,-70.1431,59.0,3.44
dongsheng,100,CN,1619423391,14,39.8161,109.9776,49.26,28.1
clyde river,90,CA,1619423391,93,70.4692,-68.5914,23.0,2.3
popondetta,100,PG,1619423392,89,-8.7537,148.2534,75.74,1.77
talnakh,100,RU,1619423392,85,69.4865,88.3972,14.88,10.02
dicabisagan,91,PH,1619423392,83,17.0818,122.4157,76.77,8.7
cidreira,68,BR,1619423392,77,-30.1811,-50.2056,61.79,15.93
khatanga,92,RU,1619423393,86,71.9667,102.5,17.92,15.46
rikitea,9,PF,1619423393,77,-23.1203,-134.9692,77.14,8.21
mayumba,95,GA,1619423393,79,-3.432,10.6554,81.36,2.06
provideniya,74,RU,1619423393,94,64.3833,-173.3,32.65,1.01
san luis,0,AR,1619423394,70,-33.295,-66.3356,55.58,8.1
bilibino,100,RU,1619423394,90,68.0546,166.4372,20.46,3.87
vila velha,0,BR,1619423394,83,-20.3297,-40.2925,75.2,8.05
victoria,100,HK,1619423155,77,22.2855,114.1577,77.0,5.01
yuzhou,47,CN,1619423394,53,34.1628,113.4639,71.6,4.47
hobart,20,AU,1619423131,51,-42.8794,147.3294,59.0,10.36
lagoa,100,PT,1619423395,85,39.05,-27.9833,58.82,6.6
san quintin,21,MX,1619423395,86,30.4833,-115.95,56.16,8.63
saldanha,2,ZA,1619423395,94,-33.0117,17.9442,59.0,6.91
linqiong,75,CN,1619423395,50,30.4159,103.4609,81.0,4.47
pacific grove,38,US,1619423396,89,36.6177,-121.9166,50.0,7.07
luderitz,100,NA,1619423396,71,-26.6481,15.1594,66.45,3.22
punta arenas,90,CL,1619423396,93,-53.15,-70.9167,42.8,9.22
bagotville,40,AU,1619423396,64,-28.9833,153.4167,69.8,6.91
jianhu,0,CN,1619423396,57,29.9799,120.5712,75.2,13.42
karpathos,20,GR,1619423397,68,35.507,27.2132,64.4,41.43
port elizabeth,0,ZA,1619423170,77,-33.918,25.5701,68.0,3.44
rio branco,75,BR,1619423397,100,-9.9747,-67.81,71.6,2.3
puerto ayora,7,EC,1619423397,91,-0.7393,-90.3518,73.72,4.88
sitka,1,US,1619423397,53,57.0531,-135.33,46.4,5.75
igra,100,RU,1619423171,82,57.5558,53.0547,39.61,16.4
yankton,1,US,1619423398,67,42.8711,-97.3973,60.8,10.36
yumbe,95,UG,1619423398,67,3.4651,31.2469,75.16,4.36
cayenne,90,GF,1619423398,94,4.9333,-52.3333,79.0,3.44
kimbe,31,PG,1619423398,81,-5.5502,150.1429,79.93,1.99
yerbogachen,100,RU,1619423399,61,61.2767,108.0108,26.65,14.23
port alfred,100,ZA,1619423399,40,-33.5906,26.891,79.92,9.15
cape town,20,ZA,1619423399,82,-33.9258,18.4232,64.0,14.97
bambous virieux,75,MU,1619423400,83,-20.3428,57.7575,80.01,13.8
adrar,52,MR,1619423400,22,20.5022,-10.0711,78.4,9.4
tessalit,7,ML,1619423400,7,20.1986,1.0114,92.26,11.05
axim,93,GH,1619423400,76,4.8699,-2.2405,83.64,3.42
cochrane,90,CA,1619423112,100,51.1834,-114.4687,30.0,2.3
buala,38,SB,1619423401,77,-8.145,159.5921,82.22,3.36
tuktoyaktuk,44,CA,1619423401,97,69.4541,-133.0374,0.0,8.72
buraydah,0,SA,1619423401,35,26.326,43.975,87.8,11.5
new norfolk,98,AU,1619423401,74,-42.7826,147.0587,57.0,1.99
naze,75,JP,1619423402,73,28.3667,129.4833,71.6,17.27
vao,53,NC,1619423402,71,-22.6667,167.4833,73.85,19.22
kanniyakumari,74,IN,1619423402,66,8.0833,77.5667,86.94,13.62
ust-kulom,100,RU,1619423402,66,61.6864,53.6902,39.92,6.31
poum,42,NC,1619423403,68,-20.2333,164.0167,77.04,25.03
kodiak,1,US,1619423403,75,57.79,-152.4072,42.8,6.91
rio gallegos,40,AR,1619423403,66,-51.6226,-69.2181,46.4,5.75
cockburn town,43,TC,1619423403,74,21.4612,-71.1419,78.13,17.07
nemuro,20,JP,1619423404,26,43.3236,145.575,41.0,10.36
margate,28,GB,1619423404,63,51.3813,1.3862,44.01,4.0
souillac,75,MU,1619423404,83,-20.5167,57.5167,78.8,13.8
houma,1,US,1619423404,94,29.5958,-90.7195,59.0,1.21
constitucion,0,CL,1619423405,74,-35.3333,-72.4167,55.36,6.82
torbay,40,CA,1619423405,53,47.6666,-52.7314,44.6,17.27
eureka,90,US,1619423405,93,40.8021,-124.1637,46.99,4.61
ponta do sol,31,PT,1619423405,78,32.6667,-17.1,59.0,1.99
opuwo,2,NA,1619423405,34,-18.0607,13.84,76.21,10.69
iqaluit,90,CA,1619423406,93,63.7506,-68.5145,32.0,1.48
mehamn,75,NO,1619423406,75,71.0357,27.8492,35.6,9.22
kapaa,90,US,1619423406,78,22.0752,-159.319,73.4,13.8
airai,3,TL,1619423406,56,-8.9266,125.4092,68.05,2.48
sulangan,11,PH,1619423407,70,11.1373,123.7228,82.87,12.84
hermanus,0,ZA,1619423407,76,-34.4187,19.2345,64.99,10.0
klaksvik,100,FO,1619423407,87,62.2266,-6.589,44.6,11.5
sassandra,92,CI,1619423407,79,4.95,-6.0833,79.14,4.43
coquimbo,90,CL,1619423408,87,-29.9533,-71.3436,53.6,5.75
cherskiy,55,RU,1619423408,85,68.75,161.3,16.7,3.02
ostrovnoy,100,RU,1619423408,90,68.0531,39.5131,31.6,23.02
longyearbyen,20,SJ,1619423408,62,78.2186,15.6401,15.8,4.61
mar del plata,0,AR,1619423329,77,-38.0023,-57.5575,60.01,1.01
doha,94,QA,1619423408,17,25.2867,51.5333,102.2,9.22
sechura,95,PE,1619423409,78,-5.5569,-80.8222,69.1,13.06
takanosu,20,JP,1619423409,25,40.2219,140.3694,51.8,13.8
ampanihy,0,MG,1619423409,33,-24.7,44.75,90.82,6.13
kempele,90,FI,1619423409,60,64.9131,25.5034,37.4,12.66
umm lajj,0,SA,1619423410,44,25.0213,37.2685,86.45,12.71
monrovia,40,LR,1619423410,94,6.3005,-10.7969,77.0,4.94
comodoro rivadavia,0,AR,1619423410,62,-45.8667,-67.5,55.4,4.61
urengoy,100,RU,1619423410,100,65.9667,78.3667,32.36,14.7
hilo,90,US,1619423411,83,19.7297,-155.09,71.6,5.75
westport,17,US,1619423411,57,41.1415,-73.3579,45.0,3.0
sinnai,20,IT,1619423411,72,39.3042,9.2036,64.4,17.27
ust-nera,100,RU,1619423411,84,64.5667,143.2,23.25,4.72
guilin,90,CN,1619423412,73,25.2819,110.2864,68.0,4.47
ancud,90,CL,1619423412,100,-41.8697,-73.8203,52.0,4.61
havre-saint-pierre,90,CA,1619423412,87,50.2334,-63.5986,37.4,12.66
ilulissat,90,GL,1619423412,43,69.2167,-51.1,48.2,21.85
asau,88,RO,1619423412,64,46.4333,26.4,37.99,1.45
sandy bay,20,AU,1619423413,51,-42.913,147.3532,59.0,10.36
tasiilaq,75,GL,1619423413,70,65.6145,-37.6368,39.2,17.27
barra do garcas,100,BR,1619423413,61,-15.89,-52.2567,69.19,3.8
makokou,7,GA,1619423413,67,0.5738,12.8642,82.38,1.72
bobcaygeon,75,CA,1619423414,64,44.5462,-78.542,30.2,12.66
nakhodka,87,RU,1619423414,50,42.8333,132.8947,46.18,6.4
chicama,21,PE,1619423414,85,-7.8447,-79.1469,66.65,4.5
blackwater,0,AU,1619423414,34,-23.5833,148.8833,71.69,7.0
yenagoa,88,NG,1619423415,68,4.9247,6.2642,85.14,4.54
impfondo,94,CG,1619423415,64,1.6381,18.0667,82.13,4.81
castro,15,BR,1619423415,96,-24.7911,-50.0119,53.4,2.8
marrakesh,20,MA,1619423415,67,31.6315,-8.0083,62.6,3.44
raudeberg,0,NO,1619423416,45,61.9875,5.1352,42.8,8.05
georgetown,40,MY,1619423416,70,5.4112,100.3354,89.6,10.36
maceio,40,BR,1619423416,94,-9.6658,-35.7353,73.4,2.3
le port,75,RE,1619423191,69,-20.9373,55.2919,80.6,18.41
ratholo,0,BW,1619423416,20,-22.7245,27.572,75.72,7.29
upernavik,100,GL,1619423417,76,72.7868,-56.1549,30.7,3.15
touros,0,BR,1619423417,100,-5.1989,-35.4608,73.4,4.61
tahoua,0,NE,1619423417,31,14.8888,5.2692,89.6,6.91
norman wells,40,CA,1619423417,54,65.282,-126.8329,23.0,2.3
hofn,20,IS,1619423417,65,64.2539,-15.2082,42.8,11.5
marzuq,12,YE,1619423418,30,14.4,46.4667,86.22,1.88
yichang,100,CN,1619423418,73,30.7144,111.2847,64.72,2.44
amalapuram,20,IN,1619423418,49,16.5833,82.0167,95.0,6.91
barda,75,AZ,1619423418,59,40.3744,47.1267,66.2,3.44
tucupita,100,VE,1619423419,95,9.0622,-62.051,70.68,3.22
dikson,100,RU,1619423419,94,73.5069,80.5464,24.94,21.7
sao borja,0,BR,1619423419,76,-28.6606,-56.0044,51.21,5.48
boca do acre,100,BR,1619423419,98,-8.7522,-67.3978,72.18,3.58
krasnoselkup,20,RU,1619423420,88,65.7,82.4667,30.65,12.08
udalguri,6,IN,1619423420,13,26.7667,92.1333,103.3,8.86
weston,1,US,1619423420,88,26.1004,-80.3998,75.2,5.75
tiksi,100,RU,1619423420,95,71.6872,128.8694,22.77,13.6
dingle,64,PH,1619423421,65,10.9995,122.6711,84.52,9.46
kaihua,100,CN,1619423421,80,23.3687,104.28,71.06,10.98
te anau,79,NZ,1619423421,82,-45.4167,167.7167,40.1,3.76
portland,90,US,1619423303,76,45.5234,-122.6762,50.0,3.02
rio grande,93,BR,1619423421,93,-32.035,-52.0986,57.99,1.99
evanston,90,US,1619423422,49,42.0411,-87.6901,42.8,11.5
togur,100,RU,1619423422,78,58.3631,82.8265,48.65,8.39
haines junction,0,CA,1619423422,60,60.7522,-137.5108,33.8,1.14
chokurdakh,99,RU,1619423422,95,70.6333,147.9167,29.26,5.17
kaitangata,36,NZ,1619423422,62,-46.2817,169.8464,45.0,5.99
middelburg,17,ZA,1619423423,15,-25.7751,29.4648,69.93,6.06
leningradskiy,18,RU,1619423423,96,69.3833,178.4167,18.64,2.91
esperance,43,AU,1619423423,47,-33.8667,121.9,77.0,11.5
anadyr,75,RU,1619423423,100,64.75,177.4833,24.8,6.71
egvekinot,88,RU,1619423424,91,66.3167,-179.1667,18.25,5.14
warah,0,PK,1619423424,8,27.4481,67.7978,108.82,3.33
bubaque,10,GW,1619423424,62,11.2833,-15.8333,77.32,9.1
saint george,1,US,1619423381,18,37.1041,-113.5841,69.8,23.02
pangnirtung,100,CA,1619423424,79,66.1451,-65.7125,29.07,7.09
rosario,0,AR,1619423186,87,-32.9468,-60.6393,54.0,1.5
aklavik,100,CA,1619423425,85,68.2191,-135.0107,12.2,6.91
portree,100,GB,1619423425,84,57.4129,-6.1942,48.0,14.0
shaping,100,CN,1619423425,85,22.7545,112.9565,75.0,1.99
port lincoln,0,AU,1619423425,72,-34.7333,135.8667,62.46,9.73
gorontalo,58,ID,1619423426,71,0.5412,123.0595,84.67,4.21
husavik,90,IS,1619423426,80,66.0449,-17.3389,35.6,5.75
coihaique,67,CL,1619423176,97,-45.5752,-72.0662,43.77,5.99
banska bystrica,40,SK,1619423426,42,48.5,19.5,44.6,2.3
chirongui,40,YT,1619423426,70,-12.9319,45.1483,86.0,4.61
auki,74,SB,1619423427,84,-8.7676,160.7034,79.86,3.44
trelew,96,AR,1619423427,58,-43.249,-65.3051,56.75,8.84
katsuura,20,JP,1619423427,29,35.1333,140.3,64.4,13.8
halifax,100,CA,1619423427,100,44.6453,-63.5724,48.0,14.97
nome,20,US,1619423428,60,64.5011,-165.4064,41.0,10.36
shelburne,53,CA,1619423428,74,44.0787,-80.2041,32.0,7.45
kruisfontein,100,ZA,1619423428,32,-34.0033,24.7314,77.79,2.19
san patricio,75,US,1619423428,94,28.017,-97.5169,70.0,9.22
mrakovo,100,RU,1619423429,38,52.7161,56.6244,49.59,7.45
gazanjyk,0,TM,1619423429,20,39.2446,55.5154,89.56,3.04
plouzane,20,FR,1619423392,76,48.3833,-4.6167,50.0,26.46
hamilton,1,US,1619423429,93,39.1834,-84.5333,44.01,3.04
briancon,100,FR,1619423429,85,44.9,6.65,53.01,1.01
mogzon,100,RU,1619423430,94,51.7435,111.9606,35.01,17.81
latung,94,PH,1619423430,69,5.5,120.8833,83.95,8.03
onega,100,RU,1619423430,94,63.9061,38.1404,35.55,11.12
setermoen,75,NO,1619423430,75,68.861,18.3486,35.6,10.36
ostersund,0,SE,1619423430,55,63.1792,14.6357,37.0,8.05
boyolangu,35,ID,1619423431,72,-8.1181,111.8935,83.17,9.19
blagoyevo,100,RU,1619423431,72,63.3667,47.9167,43.77,2.48
borovichi,100,RU,1619423431,95,58.3878,33.9155,35.53,11.21
encheng,100,CN,1619423431,94,22.1839,112.3026,71.29,6.76
nehe,100,CN,1619423432,18,48.4833,124.8333,67.03,18.19
port-gentil,40,GA,1619423432,84,-0.7193,8.7815,84.2,5.75
toguchin,100,RU,1619423432,40,55.2353,84.3858,53.51,11.23
bronnoysund,75,NO,1619423432,81,65.4625,12.1997,37.4,1.14
vitoria do mearim,53,BR,1619423418,98,-3.4622,-44.8706,72.25,2.1
grevena,20,GR,1619423433,76,40.0845,21.4274,63.0,1.77
aosta,100,IT,1619423433,87,45.7667,7.4167,50.0,1.25
avera,1,US,1619423433,73,33.194,-82.5271,55.4,3.44
hope,50,US,1619423433,83,33.6671,-93.5916,57.99,5.66
xichang,9,CN,1619423434,22,27.8964,102.2634,83.53,5.57
colac,99,AU,1619423434,1,-38.3333,143.5833,55.99,5.44
trinidad,100,BO,1619423434,94,-14.8333,-64.9,65.5,5.61
machalpur,0,IN,1619423434,5,24.1333,76.3,102.45,8.5
teknaf,0,BD,1619423435,61,20.8624,92.3058,89.04,13.82
nieuw amsterdam,81,SR,1619423435,96,5.8833,-55.0833,75.99,1.01
kamyshla,45,RU,1619423435,45,54.1169,52.1426,50.11,19.73
yumen,0,CN,1619423435,11,40.2833,97.2,58.82,26.96
chuy,90,UY,1619423436,76,-33.6971,-53.4616,59.47,8.37
chumikan,100,RU,1619423436,88,54.7183,135.315,38.86,5.37
nelson bay,20,AU,1619423436,72,-32.7167,152.15,64.4,5.75
mombetsu,20,JP,1619423436,70,44.3525,143.3525,39.2,11.5
deputatskiy,88,RU,1619423437,89,69.3,139.9,26.83,2.57
itoman,40,JP,1619423437,57,26.1247,127.6694,75.2,9.22
lima,20,PE,1619423216,88,-12.0432,-77.0282,64.0,2.3
terney,10,RU,1619423437,44,45.0503,136.6092,49.93,8.68
saulkrasti,75,LV,1619423437,75,57.2622,24.4147,39.2,8.05
alta floresta,100,BR,1619423438,98,-9.8756,-56.0861,69.49,3.31
kavaratti,1,IN,1619423438,68,10.5669,72.642,84.88,6.04
namtsy,40,RU,1619423438,53,62.7161,129.6658,44.6,6.71
palmer,1,US,1619423438,56,42.1584,-72.3287,42.8,16.11
pineville,1,US,1619423439,77,31.3224,-92.4343,60.8,5.08
alugan,10,PH,1619423439,68,12.2188,125.4808,80.83,10.87
seoul,0,KR,1619423020,48,37.5683,126.9778,69.8,13.8
kutum,81,SD,1619423439,7,14.2,24.6667,87.04,16.78
vila,88,PT,1619423439,95,42.0304,-8.1588,53.01,0.36
pangody,93,RU,1619423440,99,65.85,74.4859,33.66,17.83
hokitika,96,NZ,1619423440,82,-42.7167,170.9667,55.02,14.41
qaqortoq,75,GL,1619423440,40,60.7167,-46.0333,48.2,27.63
iquitos,0,PE,1619423440,94,-3.7481,-73.2472,77.0,2.3
constantine,0,DZ,1619423440,59,36.365,6.6147,60.8,5.75
santiago,0,CL,1619423188,81,-33.4569,-70.6483,63.0,1.01
gazojak,0,TM,1619423441,6,41.1875,61.4036,87.12,14.97
igunga,46,TZ,1619423441,65,-4.2833,33.8833,76.05,3.71
jalu,0,LY,1619423441,43,29.0331,21.5482,69.51,6.91
sampit,91,ID,1619423441,78,-2.5333,112.95,83.64,1.32
skibbereen,20,IE,1619423442,76,51.55,-9.2667,44.6,6.91
san rafael,0,AR,1619423438,60,-34.6177,-68.3301,56.61,5.46
fortuna,90,US,1619423442,100,40.5982,-124.1573,46.99,4.14
san pedro,75,PH,1619423442,62,14.35,121.0167,86.0,9.22
akyab,0,MM,1619423442,67,20.15,92.9,86.79,16.33
misratah,79,LY,1619423443,60,32.3754,15.0925,67.12,16.17
voi,53,KE,1619423443,47,-3.3945,38.563,85.8,6.24
cabedelo,40,BR,1619423443,100,-6.9811,-34.8339,73.4,3.44
tarancon,100,ES,1619423443,96,40.0085,-3.0073,53.01,8.01
mae sai,20,TH,1619423444,51,20.4335,99.8762,86.0,4.61
nyurba,100,RU,1619423444,85,63.2842,118.3319,26.83,10.42
bulawayo,1,ZW,1619423444,24,-20.15,28.5833,76.89,9.98
salalah,40,OM,1619423444,66,17.0151,54.0924,86.0,11.5
nanortalik,100,GL,1619423444,99,60.1432,-45.2371,33.66,9.37
hami,2,CN,1619423445,7,42.8,93.45,58.93,5.95
salta,90,AR,1619423431,94,-24.7859,-65.4117,55.99,0.87
cabo san lucas,100,MX,1619423445,18,22.8909,-109.9124,71.01,12.17
agua branca,98,BR,1619423445,86,-5.8922,-42.6361,71.82,1.9
namibe,75,AO,1619423445,88,-15.1961,12.1522,71.6,5.75
guane,0,CU,1619423446,92,22.2025,-84.0875,72.39,3.29
surgut,0,RU,1619423446,24,61.25,73.4167,57.2,17.9
nuuk,75,GL,1619423446,93,64.1835,-51.7216,37.4,5.75
moron,0,AR,1619423446,98,-34.6534,-58.6198,57.0,3.74
soroca,96,MD,1619423447,64,48.1558,28.2975,45.0,8.5
tshela,22,CD,1619423447,76,-4.9833,12.9333,81.84,1.03
mount gambier,90,AU,1619423401,72,-37.8333,140.7667,59.0,8.05
tocopilla,17,CL,1619423447,68,-22.092,-70.1979,64.24,2.33
fallon,90,US,1619423447,56,39.4735,-118.7774,42.8,8.05
nouadhibou,0,MR,1619423448,82,20.931,-17.0347,64.4,12.66
aswan,0,EG,1619423448,13,24.0934,32.907,92.48,12.95
ardatov,6,RU,1619423448,47,55.2421,43.097,45.48,15.95
puerto madryn,39,AR,1619423448,55,-42.7692,-65.0385,57.36,16.31
batticaloa,72,LK,1619423448,66,7.7102,81.6924,86.07,8.77
arroio grande,25,BR,1619423449,90,-32.2375,-53.0869,53.96,8.41
sao joao da barra,63,BR,1619423449,93,-21.6403,-41.0511,71.64,3.94
louth,40,GB,1619423449,65,53.3666,-0.0044,44.01,9.22
vitry-le-francois,0,FR,1619423449,46,48.7333,4.5833,50.0,13.8
smolenka,75,RU,1619423450,75,52.1352,113.4974,41.0,20.13
bathsheba,40,BB,1619423450,61,13.2167,-59.5167,78.8,13.8
isangel,100,VU,1619423450,78,-19.55,169.2667,76.51,13.78
varhaug,100,NO,1619423450,56,58.6147,5.6457,42.01,10.38
alice springs,0,AU,1619423451,20,-23.7,133.8833,77.0,12.66
bengkulu,87,ID,1619423451,78,-3.8004,102.2655,83.14,7.27
manicore,75,BR,1619423451,94,-5.8092,-61.3003,75.2,4.61
grand gaube,98,MU,1619423451,80,-20.0064,57.6608,80.01,7.0
mbala,27,ZM,1619423451,67,-8.8402,31.3659,70.92,5.39
talcahuano,90,CL,1619423452,100,-36.7167,-73.1167,51.8,5.75
dhidhdhoo,12,MV,1619423452,71,6.8833,73.1,84.56,5.91
port augusta,0,AU,1619423452,60,-32.5,137.7667,69.8,10.36
saint-philippe,0,RE,1619423452,69,-21.3585,55.7679,82.4,23.02
kertosono,10,ID,1619423453,54,-7.5833,112.1,88.25,4.61
komsomolskiy,0,UZ,1619423453,19,40.4272,71.7189,80.6,4.61
maragheh,75,IR,1619423453,17,37.3917,46.2398,78.8,4.61
port blair,52,IN,1619423453,64,11.6667,92.75,86.67,5.03
lasa,75,IT,1619423454,81,46.6166,10.7002,55.0,3.44
luwero,100,UG,1619423454,54,0.8492,32.4731,76.75,1.68
mount isa,90,AU,1619423454,30,-20.7333,139.5,87.8,9.22
taoudenni,2,ML,1619423454,13,22.6783,-3.9836,90.37,10.63
arsk,0,RU,1619423454,39,56.0915,49.8778,46.4,26.84
hasaki,20,JP,1619423455,41,35.7333,140.8333,64.0,13.8
ahuimanu,40,US,1619423455,64,21.4447,-157.8378,75.2,10.36
hay river,100,CA,1619423455,85,60.8156,-115.7999,14.0,12.66
waddan,4,LY,1619423455,41,29.1614,16.139,69.24,10.67
sajanan,20,TN,1619423456,43,37.0573,9.2426,71.6,8.05
kalemie,98,CD,1619423456,76,-5.9475,29.1947,76.3,6.71
manaus,0,BR,1619423391,89,-3.1019,-60.025,78.8,3.44
arraial do cabo,9,BR,1619423456,90,-22.9661,-42.0278,72.21,5.48
dudinka,100,RU,1619423456,86,69.4058,86.1778,19.45,12.93
laguna,1,US,1619423457,76,38.421,-121.4238,48.0,3.44
urumqi,0,CN,1619423457,12,43.801,87.6005,62.6,6.71
jever,20,DE,1619423457,61,53.5833,7.9,46.99,3.44
usinsk,99,RU,1619423457,95,65.9939,57.5281,41.16,1.54
dandong,77,CN,1619423457,49,40.1292,124.3947,61.83,15.21
karratha,0,AU,1619423458,28,-20.7377,116.8463,85.64,13.89
geraldton,99,AU,1619423458,34,-28.7667,114.6,82.4,9.22
xingcheng,100,CN,1619423458,37,40.6167,120.7167,57.33,17.18
maxixe,0,MZ,1619423458,53,-23.8597,35.3472,80.92,3.69
meulaboh,93,ID,1619423459,63,4.1363,96.1285,86.0,8.5
gushikawa,75,JP,1619423459,57,26.3544,127.8686,75.2,10.36
los llanos de aridane,75,ES,1619423459,64,28.6585,-17.9182,68.0,10.27
yaan,100,NG,1619423459,75,7.3833,8.5667,81.23,7.85
lompoc,100,US,1619423460,87,34.6391,-120.4579,51.8,4.18
sijunjung,69,ID,1619423460,76,-0.6876,100.9537,85.57,1.3
middle island,1,US,1619423460,49,40.8843,-72.9373,48.2,16.11
mozarlandia,86,BR,1619423460,63,-14.7447,-50.5706,72.18,2.55
san cristobal,87,VE,1619423311,83,7.7669,-72.225,66.7,1.19
baykit,95,RU,1619423461,58,61.67,96.37,38.95,4.36
ocos,84,GT,1619423461,94,14.5094,-92.1933,68.0,4.07
mandalay,40,MM,1619423461,33,21.9747,96.0836,104.0,8.05
wawa,96,NG,1619423461,63,9.9022,4.4192,81.41,5.41
jiuquan,37,CN,1619423462,11,39.7432,98.5174,60.46,22.64
pandan,62,PH,1619423462,68,14.0453,124.1694,80.44,9.44
abeche,55,TD,1619423462,12,13.8292,20.8324,95.94,15.79
wundanyi,75,KE,1619423462,52,-3.4019,38.364,74.82,4.43
acari,18,PE,1619423463,86,-15.4311,-74.6158,67.01,2.08
mwinilunga,88,ZM,1619423463,73,-11.7358,24.4293,68.45,4.38
kenora,75,CA,1619423388,70,49.8167,-94.4337,37.4,9.22
dungarvan,5,IE,1619423463,85,52.0881,-7.6253,50.0,10.0
saskylakh,100,RU,1619423463,92,71.9167,114.0833,12.65,17.87
khandyga,100,RU,1619423463,98,62.6667,135.6,33.01,6.2
burns lake,8,CA,1619423464,80,54.2331,-125.7533,24.8,2.8
deulgaon raja,52,IN,1619423464,28,20.0167,76.0333,98.6,3.44
coralville,1,US,1619423315,57,41.6764,-91.5805,44.6,9.22
narsaq,75,GL,1619423464,40,60.9167,-46.05,48.2,27.63
tahta,0,EG,1619423464,21,26.7693,31.5021,80.6,9.22
santa fe,0,AR,1619423355,84,-31.6333,-60.7,55.0,1.01
flinders,0,AU,1619423465,72,-34.5833,150.8552,63.0,1.39
santiago del estero,0,AR,1619423465,71,-27.7951,-64.2615,56.26,4.7
urucara,100,BR,1619423465,98,-2.5364,-57.76,74.08,1.19
krasnoyarka,75,RU,1619423465,31,55.3333,73.1167,60.8,17.9
yeovil,20,GB,1619423466,70,50.9416,-2.6321,42.01,14.97
goderich,79,CA,1619423466,86,43.7501,-81.7165,24.8,4.61
donskoye,90,RU,1619423466,87,45.4552,41.9741,46.4,11.18
deogarh,100,IN,1619423466,6,21.5333,84.7333,110.48,2.08
galveston,1,US,1619423467,78,29.3669,-94.9669,71.01,10.36
labrea,100,BR,1619423467,98,-7.2586,-64.7981,73.26,2.35
lawrence,1,US,1619423420,59,38.9717,-95.2353,62.01,8.05
bull savanna,7,JM,1619423467,87,17.8868,-77.5902,72.19,4.21
rudarpur,0,IN,1619423467,5,26.4394,83.6144,105.58,4.79
kalininsk,100,RU,1619423468,41,51.5,44.4758,52.0,7.49
mandalgovi,100,MN,1619423468,49,45.7625,106.2708,36.23,29.15
richards bay,34,ZA,1619423468,62,-28.783,32.0377,75.38,1.41
stephenville,1,US,1619423468,72,32.2207,-98.2023,66.2,9.22
zabid,94,YE,1619423468,38,14.1951,43.3152,94.87,11.36
dunedin,98,NZ,1619423467,66,-45.8742,170.5036,46.99,24.0
tabuk,82,PH,1619423469,64,17.4189,121.4443,81.73,7.94
ranong,40,TH,1619423469,66,9.9658,98.6348,89.6,9.22
la suiza,0,CR,1619423469,73,9.8524,-83.6133,69.8,6.91
sola,89,VU,1619423470,75,-13.8833,167.55,82.09,6.73
marstal,40,DK,1619423470,70,54.8562,10.5173,46.0,3.44
the valley,40,AI,1619423470,73,18.217,-63.0578,78.01,8.05
malamig,88,PH,1619423470,81,12.95,121.3667,79.11,5.26
tepetitla,16,MX,1619423471,72,19.2833,-98.3833,59.65,2.51
grand-santi,100,GF,1619423471,99,4.25,-54.3833,72.72,0.98
aquin,11,HT,1619423471,84,18.2833,-73.4,74.55,2.44
maarianhamina,90,AX,1619423471,100,60.0973,19.9348,33.8,11.5
nizhniy kuranakh,100,RU,1619423472,89,58.8353,125.4869,40.17,4.23
marawi,94,PH,1619423472,82,7.9986,124.2928,82.99,5.01
calvinia,0,ZA,1619423472,40,-31.4707,19.776,68.0,4.61
jinxiang,16,CN,1619423472,68,27.4327,120.6062,66.6,6.96
pattensen,2,DE,1619423472,43,52.2645,9.7644,48.99,2.57
syamzha,100,RU,1619423473,89,60.0158,41.0614,41.2,3.76
zharkent,100,KZ,1619423473,20,44.1628,80.0,70.92,5.55
diapaga,19,BF,1619423473,43,12.0708,1.7889,90.79,10.65
benjamin constant,0,BR,1619423474,100,-4.3831,-70.0311,73.4,2.51
port hawkesbury,90,CA,1619423474,93,45.6169,-61.3485,50.0,26.46
manggar,36,ID,1619423474,64,-2.8833,108.2667,86.02,10.09
saurimo,90,AO,1619423474,67,-9.6608,20.3916,74.91,4.92
santa rosa,75,PH,1619423474,62,14.3122,121.1114,86.0,9.22
kosai,0,JP,1619423475,54,34.7105,137.5316,63.0,5.99
bonfim,100,BR,1619423475,87,3.0833,-59.95,75.06,8.3
oranjemund,100,NA,1619423475,73,-28.55,16.4333,66.43,10.13
lumphat,85,KH,1619423269,41,13.4878,106.9816,96.53,0.31
qianan,100,CN,1619423475,13,44.9932,124.0581,70.09,17.11
leshukonskoye,100,RU,1619423476,89,64.8989,45.7622,41.2,4.52
barabai,96,ID,1619423476,73,-2.5833,115.3833,84.67,0.22
oranjestad,20,AW,1619423248,83,12.524,-70.027,79.0,13.8
katherine,100,AU,1619423476,55,-14.4667,132.2667,87.8,12.66
kijang,0,KR,1619423476,29,35.2442,129.2139,64.4,16.11
piravam,75,IN,1619423477,62,9.8667,76.5,91.4,5.75
vanimo,56,PG,1619423477,75,-2.6741,141.3028,81.12,3.89
caravelas,84,BR,1619423477,91,-17.7125,-39.2481,71.87,6.4
dzaoudzi,40,YT,1619423477,70,-12.7887,45.2699,86.0,4.61
tolbazy,75,RU,1619423478,30,54.0241,55.8825,53.6,22.37
salinopolis,83,BR,1619423478,85,-0.6136,-47.3561,77.9,7.11
grants pass,90,US,1619423478,87,42.439,-123.3284,44.6,1.88
kirakira,99,SB,1619423478,80,-10.4544,161.9205,81.09,2.37
eldoret,75,KE,1619423478,82,0.5204,35.2699,64.4,1.14
swan river,54,CA,1619423479,80,52.1058,-101.2676,33.8,9.22
tutoia,35,BR,1619423479,88,-2.7619,-42.2744,76.26,6.6
totma,100,RU,1619423479,95,59.9747,42.7642,40.21,3.29
mitsamiouli,59,KM,1619423479,70,-11.3847,43.2844,83.39,8.57
erbach,5,DE,1619423480,56,49.6561,8.9964,46.99,8.99
yashiro,0,JP,1619423480,16,34.9167,134.9667,66.2,11.5
matay,0,EG,1619423240,42,28.419,30.7792,74.03,11.95
kathmandu,20,NP,1619423403,26,27.7167,85.3167,84.2,8.05
vorukh,0,TJ,1619423480,37,39.8494,70.5838,67.15,6.33
chino valley,1,US,1619423480,17,34.7575,-112.4538,55.0,9.22
bilma,0,NE,1619423481,10,18.6853,12.9164,94.77,7.85
acapulco,100,MX,1619423276,71,16.8634,-99.8901,79.32,4.34
paramonga,45,PE,1619423481,91,-10.6667,-77.8333,65.7,5.79
sorland,90,NO,1619423481,70,67.667,12.6934,37.4,9.22
ketchikan,1,US,1619423379,61,55.3422,-131.6461,42.8,3.42
magadan,26,RU,1619423481,71,59.5667,150.8,24.98,5.55
shyryayeve,100,UA,1619423482,76,47.3805,30.1964,44.17,14.81
paulista,75,BR,1619423482,83,-7.9408,-34.8731,75.2,3.44
srednekolymsk,28,RU,1619423482,81,67.45,153.6833,23.99,4.61
gubkinskiy,100,RU,1619423482,100,64.434,76.5026,35.49,16.58
marovoay,20,MG,1619423482,52,-16.1,46.6333,91.4,10.36
shingu,0,JP,1619423483,39,33.7333,135.9833,64.4,16.11
burnie,100,AU,1619423483,74,-41.0667,145.9167,54.0,7.0
uray,79,RU,1619423483,41,60.1247,64.7758,49.46,12.8
dubbo,0,AU,1619423437,42,-32.25,148.6167,62.6,5.75
flin flon,99,CA,1619423483,79,54.7682,-101.865,29.12,5.1
basco,30,PH,1619423484,70,20.4487,121.9702,75.63,20.31
tautira,20,PF,1619423484,78,-17.7333,-149.15,77.0,4.61
sangueya,33,GN,1619423484,69,10.7,-14.3667,77.83,2.24
fredericton,90,CA,1619423484,93,45.9454,-66.6656,44.6,10.36
kiunga,45,PG,1619423485,78,-6.1219,141.2906,82.06,3.27
presidente medici,100,BR,1619423485,99,-11.1753,-61.9014,70.77,3.89
ladario,48,BR,1619423485,92,-19.0047,-57.6017,63.36,3.2
padang,40,ID,1619423485,66,-0.9492,100.3543,87.8,4.61
rawson,91,AR,1619423428,59,-43.3002,-65.1023,57.04,11.7
almaznyy,75,RU,1619423486,93,48.0448,40.045,46.4,15.66
alappuzha,94,IN,1619423486,66,9.49,76.3264,86.2,6.06
zelenoborsk,98,RU,1619423486,39,61.4669,64.0333,49.82,10.96
lorengau,99,PG,1619423486,74,-2.0226,147.2712,82.62,1.28
cap malheureux,98,MU,1619423487,80,-19.9842,57.6142,80.01,7.0
pokrovsk,80,UA,1619423294,38,48.282,37.1758,54.77,7.63
redlands,90,US,1619423344,62,34.0556,-117.1825,57.2,5.75
dharchula,14,IN,1619423487,14,29.85,80.5333,86.07,7.63
svetlogorsk,9,BY,1619423487,43,52.6333,29.7333,42.98,8.28
tuatapere,93,NZ,1619423487,77,-46.1333,167.6833,45.0,13.0
papara,20,BR,1619423488,88,-3.9839,-38.7273,77.0,5.75
sao raimundo nonato,99,BR,1619423488,83,-9.0153,-42.6994,72.91,2.15
barbate,75,ES,1619423488,82,36.1924,-5.9219,61.0,6.91
sao paulo de olivenca,92,BR,1619423488,99,-3.3783,-68.8725,71.94,1.57
la ronge,100,CA,1619423489,59,55.1001,-105.2842,32.0,10.36
araouane,40,ML,1619423489,13,18.9048,-3.5265,91.69,4.79
korem,99,ET,1619423489,69,12.5058,39.5228,59.72,6.24
aitape,39,PG,1619423489,75,-3.1374,142.3475,81.91,4.16
pisco,0,PE,1619423489,88,-13.7,-76.2167,63.0,2.3
touba,100,CI,1619423490,71,8.2833,-7.6833,76.5,4.94
walvis bay,90,NA,1619423490,100,-22.9575,14.5053,61.0,5.61
coahuayana,96,MX,1619423490,81,18.7333,-103.6833,70.97,3.76
cabatuan,87,PH,1619423490,66,10.8794,122.486,84.29,6.96
tupik,100,RU,1619423491,68,54.4253,119.9327,48.0,7.4
general delgado,0,PY,1619423491,77,-27.1667,-56.5167,57.2,6.91
codrington,100,AU,1619423491,76,-38.2667,141.9667,57.42,7.76
sakakah,0,SA,1619423491,15,29.9697,40.2064,91.4,16.11
georgiyevka,0,KZ,1619423492,33,43.0369,74.7114,71.6,4.47
kropotkin,100,RU,1619423492,82,45.4375,40.5756,48.0,3.09
oussouye,0,SN,1619423492,88,12.485,-16.5469,69.8,6.91
witu,41,KE,1619423492,56,-2.3889,40.4382,89.44,11.7
la asuncion,94,VE,1619423493,88,11.0333,-63.8628,77.0,13.8
kaeo,100,NZ,1619423493,84,-35.1,173.7833,57.99,4.0
rabak,84,SD,1619423493,36,13.1809,32.74,93.31,14.85
buchanan,40,LR,1619423493,94,5.8808,-10.0467,77.0,0.4
vostok,17,RU,1619423493,27,46.4856,135.8833,49.28,7.92
charters towers,93,AU,1619423494,73,-20.1,146.2667,71.83,8.01
heihe,20,CN,1619423494,20,50.2441,127.4902,64.4,11.18
novikovo,79,RU,1619423494,49,51.1537,37.8879,51.71,11.88
paamiut,100,GL,1619423494,98,61.994,-49.6678,34.54,7.09
atherton,57,GB,1619423495,88,53.5237,-2.4935,48.0,3.0
oktyabrskiy,13,RU,1619423443,41,54.4815,53.471,50.2,19.75
bjerkvik,75,NO,1619423495,60,68.5597,17.5189,37.4,3.44
liuhe,100,CN,1619423495,18,42.2401,125.7172,67.93,11.92
soloneshnoye,85,RU,1619423495,37,51.6544,84.3197,54.79,3.38
oriximina,100,BR,1619423496,96,-1.7656,-55.8661,74.07,3.38
vilyuysk,100,RU,1619423496,90,63.7553,121.6247,28.74,11.23
oktyabrskoye,95,RU,1619423496,71,43.0645,44.7417,55.4,4.47
requena,100,ES,1619423496,99,39.4883,-1.1004,57.0,2.53
rincon,1,US,1619423497,100,32.296,-81.2354,57.99,4.99
antsohihy,97,MG,1619423497,55,-14.8796,47.9875,86.29,3.58
vardo,40,NO,1619423497,69,70.3705,31.1107,35.6,10.36
andenes,75,NO,1619423497,65,69.3143,16.1194,37.4,12.66
duluth,90,US,1619423321,93,46.7833,-92.1066,37.4,17.27
fort nelson,75,CA,1619423497,30,58.8053,-122.7002,39.2,9.22
broken hill,0,AU,1619423498,35,-31.95,141.4333,69.8,11.5
nara,0,JP,1619423327,19,34.6851,135.8049,66.2,12.66
hualmay,20,PE,1619423498,91,-11.0964,-77.6139,65.21,6.38
skegness,75,GB,1619423498,61,53.1436,0.3363,46.0,9.22
ozu,0,JP,1619423498,39,33.5,132.55,66.2,10.36
griffith,90,US,1619423499,65,41.5284,-87.4237,41.0,4.61
bandon,20,IE,1619423499,76,51.7469,-8.7425,48.99,6.91
san miguel,47,SV,1619423499,75,13.4833,-88.1833,77.52,1.77
altay,16,CN,1619423499,23,47.8667,88.1167,47.59,4.94
asfi,7,MA,1619423500,77,32.2994,-9.2372,64.58,23.33
vila franca do campo,75,PT,1619423500,82,37.7167,-25.4333,57.2,6.91
maragogi,70,BR,1619423500,76,-9.0122,-35.2225,77.86,5.5
geilenkirchen,0,DE,1619423500,70,50.9667,6.1167,46.99,3.44
chaiya,40,TH,1619423501,59,9.3862,99.1986,93.2,5.75
rognan,99,NO,1619423501,80,67.0953,15.3878,37.99,2.26
saint anthony,20,US,1619423501,60,45.0205,-93.218,42.01,5.75
macomb,1,US,1619423469,71,40.4592,-90.6718,53.01,9.22
iisalmi,90,FI,1619423501,87,63.5592,27.1907,35.6,6.91
umm kaddadah,38,SD,1619423502,27,13.6017,26.6876,90.01,4.43
naron,40,ES,1619423502,100,43.5167,-8.1528,57.0,2.3
madimba,40,TZ,1619423502,83,-10.4,40.3333,82.4,17.27
mangrol,0,IN,1619423502,49,21.1167,70.1167,91.36,14.34
ahipara,100,NZ,1619423502,77,-35.1667,173.1667,58.17,5.64
kremnica,40,SK,1619423503,42,48.7052,18.9183,44.6,2.3
coos bay,90,US,1619423503,93,43.3665,-124.2179,46.4,4.61
yarkovo,100,RU,1619423503,32,57.4028,67.0786,53.47,14.25
daoukro,100,CI,1619423503,77,7.0591,-3.9631,78.48,3.13
san vicente,18,AR,1619423504,99,-26.6167,-54.1333,49.96,2.8
cafarnaum,90,BR,1619423504,95,-11.6936,-41.4683,65.64,5.37
omsukchan,100,RU,1619423504,84,62.5333,155.8,16.3,2.35
verkhnevilyuysk,100,RU,1619423504,87,63.4453,120.3167,28.65,10.87
tecoanapa,84,MX,1619423505,77,16.5167,-98.75,79.0,4.83
wewak,43,PG,1619423505,78,-3.5534,143.6268,81.61,6.2
kanye,60,BW,1619423505,18,-24.9667,25.3327,72.32,5.23
visnes,75,NO,1619423505,56,59.3556,5.2242,42.8,9.22
moose jaw,97,CA,1619423505,100,50.4001,-105.5344,32.0,2.3
west odessa,1,US,1619423506,29,31.8424,-102.4988,75.99,23.02
ordzhonikidze,100,KZ,1619423506,48,52.4411,61.7408,53.76,11.95
betong,83,TH,1619423506,60,5.7743,101.0723,87.62,4.16
yuanping,78,CN,1619423506,9,38.7153,112.7575,70.97,19.17
fairview,1,US,1619423507,53,40.8126,-73.999,46.4,9.22
honghu,100,CN,1619423507,84,29.8206,113.4621,61.05,5.1
bhadasar,0,IN,1619423507,7,28.2833,74.3167,102.2,5.1
college,20,US,1619423507,45,64.8569,-147.8028,44.6,3.2
